,,,XLB,,,,XLK,,,,,,,XLC,,,XLY,,,,XLV,,,XLI,,,XLE,,,,XLF,,,XLP,,,
Date      Complete if flagged up,Agricultural Inputs,Copper,Gold,Silver,Speciality Chemicals,Steal,Communication Equipment,Computer Hardware ,Consumer Electronics,Information Technology Services,Semiconductors,Software App.,Software Infra.,Gaming,Entertainment,Internet Content & Info,Auto Manufacturing,Home Improvement Retail,Internet Retail,Restaurants,Biotechnology,Drug Manufacturers General,Medical Devices,Aerospace,Airlines,Speciality Industrial Machinery,E&P,Epuipment & Services,Intergrated,Midstream,Bank Diversified,Capital Markets,Credit Services,Beverages-Non-Alcoholic,Discount Stores,Household & Personel Products,Tobacco
,CTVA,FCX,NEM,,"SHW, LIN",,CSCO,DELL,AAPL,IBM,"ARM, MU, NVDA","CRM, SNOW","ADBE, AFRM, XYZ, CRWD, MSFT",,"NFLX, DIS, ","GOOG, META, SPOT","GM, TSLA",HD,AMZN,MCD,"JnJ, LLY","ABBV, MRK",ABT,"BA, RTX","DAL, UAL",,COP,SLB,"XOM, CVX",OKE,"BRK, JPM","GS, MS",V,KO,"WMT, COST","HIMS, PG",PM
6/1/25,1.31,-2.95,1.63,0.92,-2.95,-2.47,-1.54,0.17,-5.83,-1.2,1.19,-1.89,-2.83,-1.87,-2.98,-1.02,-7.26,-1.24,-1.09,-0.66,-0.83,-0.79,-1,-1.58,-3.68,-1.19,5.45,3.94,3.02,3.05,0.01,-0.02,-1.84,-1.25,-2.83,-2.61,0.76
7/1/25,3.9,0.06,0.79,3.24,-2.27,1.19,-0.09,5.19,-4.08,-0.71,6.09,0.39,-0.6,-0.75,-1.55,3.13,-3.95,-0.53,1.63,-0.79,0.53,-0.93,-0.39,-2.17,-0.82,0.18,5.49,4.4,3.32,2.79,1.13,1.48,-1.48,-2.75,-0.66,-4.34,0.07
8/1/25,4.48,2.22,4.01,8.04,-1.01,2.24,0.52,4.31,-3.87,0.92,2.33,-0.48,-1.1,0.42,-1.07,2.96,-3.79,-1.07,0.76,-0.54,3.23,0.97,1.2,-1.08,1.36,0.16,5.74,4.82,5.16,2.45,2.02,0.46,-0.71,-2.41,0.25,-2.56,0.72
9/1/25,2.48,4.7,5.93,5.47,-0.86,-0.7,1.19,2.51,-3.03,1.48,3.62,0.7,-0.05,1.95,-1.4,3.2,-1.64,-0.39,1.35,-1.42,1.91,0.71,3.16,0.05,2.45,0.18,4.55,2.93,2.72,3.55,2.14,0.89,-0.55,-1.87,1.34,-2.56,0.5
13/1/25,3.01,2.69,2.04,-2.41,-0.3,0.66,0.07,-0.04,-2.89,-0.1,-0.6,-1,-1.55,0.73,-3.87,1.7,1.97,0.32,-0.91,-3.66,-1.55,0.3,2.04,-0.24,7.08,-0.73,3.77,1.15,2.22,0.8,0.63,-2.79,-2.57,-3.13,3.01,-3.67,-2.93
14/1/25,7.4,3.41,0.95,-3.38,1.54,4.15,-0.65,-5.6,-3.73,-1.42,-5.34,-3.05,-3.32,0.51,-3.56,-0.27,-2.66,0,-2.69,-3.61,-2.03,0.15,0.81,-0.09,4.54,-1.49,4.26,2.22,2.56,1.28,0.3,-3.74,-2.66,-2.05,0.83,-3,-4.02
15/1/25,6.5,1.97,4.99,2.42,2.67,1.25,0.48,-7.17,-4.79,-0.83,-8.67,-2.87,-3.66,1.34,-4.29,-4.31,-3.59,0.75,-3.82,-3,-3.94,-1.51,1.18,2.4,4.63,-0.71,4.83,3.05,2.8,4.12,0.63,-3.54,-0.95,0.14,-0.93,-0.35,-2.23
16/1/25,7.26,3.32,4.59,0.48,3.38,2.84,2.34,-2.61,-1.8,-0.4,-1.82,0.95,0.33,5.37,-2.89,0.14,4.77,5.22,0.52,-1.57,-2.78,-1.84,1.39,3.02,1.95,1.03,4.67,3.91,2.25,4.56,2.97,2.79,2.33,0.17,0.03,-0.92,-2.04
21/1/25,8.55,3.29,1.75,3.27,5.93,5.23,3.22,2.84,-2.75,1.23,2.84,3.11,3.01,5.77,1.04,1.39,5.7,5.08,4.03,1.08,-0.33,-2.81,2.94,4.64,-1.15,4.54,3.19,8.45,3.55,5.79,5.82,10.35,5.36,3.16,-0.83,2,2.74
27/1/25,1.74,-2.81,4.36,1,1.62,1.25,3.28,7.06,-2.23,2.14,5.55,2.84,5.53,-1.47,10.27,4.56,-0.57,1.4,6.51,2.11,4.49,1.59,4.45,4.08,1.87,3.58,-3.26,-0.47,-1.83,-0.14,2.56,4.59,3.51,0.09,3.23,1.44,4.93
29/1/25,1.34,-9.41,0.42,-5.64,-0.36,0.95,-4.04,-8.18,6.9,1.82,-8.83,3.46,3.58,-1.87,7.41,2.88,-4.81,0.11,4.1,2.6,2.06,3.6,3.04,-1.27,-1.21,-3.4,-4.6,-6.63,-2.27,-5.15,0.96,0.64,2.46,0.05,3.18,2.07,4.19
3/2/25,0.71,-5.1,2.86,2.23,0.42,1.06,-3.72,-7.66,5.91,4.85,-10.85,0.39,-4.18,2.09,0.65,3.67,-0.57,-0.73,2.02,3.65,0.44,2.9,0.74,-0.17,0.34,-2.31,-4.25,-4.04,-1.34,-4.14,0.58,0.12,1.97,1.85,3.5,0.94,2.38
10/2/25,-6.41,6.1,5.3,-0.21,-0.74,0.86,2.04,2.91,-3.32,1.04,3.22,-0.11,1.34,2.26,2.11,-3.08,-7.7,-1.6,-2.21,2.14,-1.06,1.71,-0.11,-0.4,1.07,-2.01,-0.25,-0.25,1.6,0.48,1.61,1.74,0.35,-1.53,3.68,-0.46,7.23
13/2/25,-4.01,2.4,2.69,0.06,-0.19,2.1,-1.75,-0.46,1.66,-2.07,1.87,-0.55,0.76,1.52,1.14,-0.84,-8.28,-2.12,-0.42,2.42,-5.08,-0.08,-1.68,-0.4,-2.47,-0.25,-1.36,-1.69,0.26,-2.55,1.08,-0.36,-1.01,4.06,1.08,0.5,8.9
19/2/25,0.91,1.34,-0.75,-1.05,2.58,3.17,-0.81,-0.1,7.45,0.9,2.45,1.3,0.47,0.48,1.31,-0.75,1.56,-2.44,-0.15,-0.48,1.09,0.08,-0.6,-1.5,-1.27,-0.27,-0.65,1.02,0.99,-0.26,3.37,2.1,1.38,4.26,0.3,-0.78,-1.84
24/2/25,0.19,-6.68,-4.18,-3.66,-1.79,0.07,-2.22,-1.08,1.85,-3.12,-1.4,-5.1,-3.27,-0.75,-2.79,-4.7,-3.64,-6.21,-2.1,-3.87,1.71,2.72,-0.89,-3.48,-3.65,-2.47,0.36,-1.91,0.86,-1.6,-1.53,-4.02,-1.91,4.57,-7.17,0.46,1.61
10/3/25,-1.63,1.21,4.04,6.93,-0.09,1.82,-2.01,-8.74,-1.24,-0.72,-5.97,-3.68,-2.72,0.31,-7.89,-2.1,-5.77,-4.34,-3.63,-1.67,-1.63,0.37,-1.61,-2.37,-7372,-2.38,-5.21,-4.39,-1.55,-4.76,-4.8,-8.19,-6.09,-0.04,-6.89,1.82,0.14
12/3/25,3.45,3.16,4.03,12.42,-0.86,1.93,-4.22,-4.29,-6.34,-3.16,-4.9,-6.58,-4.13,-0.73,-8.14,-4.8,-7.92,-3.28,-1.96,-3.89,-0.35,-2.69,-4.18,-0.17,-7.54,-1.12,1.41,-0.29,1.67,-1.69,-5.25,-7.1,-6.18,-0.08,-8.08,0.79,0.74
17/3/25,-0.39,5.59,4.39,11.61,-4.14,0.38,,,,,,,,,,,,,,,,,,,,,,,,,,,,,,,
4/4/25,-8.06,-19.85,-8.2,-17.88,-7.15,-11.77,-10.85,-18.61,-13.53,-7.55,-14.29,-9.74,-7.08,-5.85,-10.3,-8.68,-8.93,-1.64,-11.53,-6.45,-11,-8.01,-7.26,-11.21,-14.21,-7.79,-16,-18.44,-11.96,-10.44,-12.98,-13.1,-9.9,-1.14,-2.04,-2.49,-2.83
11/4/25,6.42,10.45,19.95,14.47,0.67,5.41,5.42,10.7,5.18,2.82,14.59,5.97,7.98,4.77,4.8,7.57,4.69,-0.27,4.93,2.82,1.66,-2.1,2.17,10.16,7.02,5.77,0.65,1.54,-3.11,1.84,5.85,7.93,5.62,1.34,8.26,1.82,2.32
15/4/25,9.45,14.77,21.34,25.26,7.98,6.78,9.19,8.51,16.93,6.1,14.5,9.63,9.94,9.8,9.06,6.06,10.04,5.2,6.59,5.02,9.33,3,3.46,9.28,11.98,7.85,5.26,7.69,2.79,7.69,8.32,10.88,8.69,4.54,11.39,6.37,6.27
16/4/25,4.27,0.93,15.38,12.08,-1.65,-3.4,-2.06,-5.46,-2.13,-2.27,-7.72,-2.71,-4.43,3.32,-2.47,-7.48,-5.89,-3.14,-6.28,-2.32,1.57,-2.99,-1.62,0.22,-6.05,-3.79,-3.05,-3.06,-2.07,3.11,-0.1,-2.42,-1.85,0.25,0.95,2.62,4.33
23/4/25,2.3,1.6,0.35,-8.08,0.13,0.6,-1.51,-3.5,-1.14,0.15,-7.03,-1.15,-4.47,2.55,6.82,-4.44,-2.57,-1.25,-3.2,-0.99,1.84,1.41,0.06,-3.36,0.54,-1.08,3.71,1.41,3.77,1.83,2.81,0.78,0.78,0.45,0.23,0.5,3.39
29/4/25,5.52,10.22,-3.84,-1.7,3.08,9.79,5.3,14.15,8.68,2.7,12.6,11.61,10.93,7.12,10.28,10.33,18.32,3.24,10.77,4.1,6.67,5.14,5.35,6,5.29,8.96,5.13,0.4,3,5.24,6.85,9.18,6.74,-2.39,2.6,-1.63,2.62
30/4/25,4.28,6.28,-3.48,2.86,1.87,7.24,4.3,12.77,5.75,1.62,10.14,10.12,9.33,5.07,7.23,7.23,3.36,1.53,7.19,1.48,3.51,5.03,4.4,6.86,4.26,6.12,1.76,0,-0.03,2.43,4.63,6.1,4.06,-3.21,1.2,-2.64,2.17
30/4/25,3.75,-0.68,0.66,0.15,3.05,3.65,3.35,8.98,3.89,0.11,6.36,6.78,6.74,4.57,5.99,3.44,2.71,1.54,2.51,0.27,3.47,6.03,2.99,4.42,2.86,4.92,-1.18,-0.39,-1.52,-0.19,2.2,3.73,3.31,-1.73,2.18,-0.97,1.86
1/5/25,2.11,-4.96,-4.84,-6.52,1.44,1.71,3.09,5.99,2.29,2.52,3.64,2.79,8.04,2.43,2.23,3.23,0.32,-0.25,2.11,-0.4,0.57,-0.26,0.9,3.77,2.44,2.32,-0.93,-1.36,-2.11,-2.48,0.98,1.44,1.32,-1.27,1.78,-0.1,0.64
5/5/25,0.85,-2.66,-1.61,-4.32,2.49,1.74,2.24,6.84,-5.1,3.57,4.49,3.98,9.06,4.5,1.73,4.91,5.14,1.48,1.14,-0.78,1.92,-0.34,1.69,3.3,9.13,3.8,-3.37,-0.24,-3.27,-2.63,2.39,3.09,3.97,-0.07,3.8,-0.52,2.67
6/5/25,0.19,-0.01,3.67,1.7,-0.11,-0.15,1.53,6.1,-5.82,1.76,3.86,2.08,6.6,3.64,0.8,3.47,-3.58,0.06,0.49,0.02,-5.76,-5.37,0.58,2.06,6.64,2.55,-2.42,-0.85,-1.99,-3.05,0.89,1.47,2.44,-1.03,2.15,-0.54,2.74
7/5/25,0.48,0.43,1.27,-1.28,-1.22,-0.46,1.9,4.02,-7.45,1.69,5.89,2.83,6.61,1.78,4,0.6,5,0.5,2.6,0.79,-8,-5.95,1.3,1.89,7.7,3.49,0.49,1.13,0.03,0.47,1.52,2.6,2.52,-0.97,1.41,-0.79,2.47
8/5/25,2.99,0.82,2.65,-0.64,0.2,-0.95,1.31,3.1,-7.22,2.86,4.5,3.91,2.82,0.78,4.37,-0.45,8.92,1.66,2.06,0.85,-7.45,-3.66,1.85,2.71,11.24,3.94,1.35,1.49,0.62,0.44,2.53,4.38,3.89,-0.36,0.41,0.19,1.11
9/5/25,3.56,0.03,6.5,5.7,-1.2,-3.42,1.54,-0.91,-3.27,0.41,1.54,1.06,0.28,-1.61,2.5,-4.15,4.9,-0.88,1.43,-1.25,-10.55,-7.14,-0.42,1.1,4.81,2.54,1.35,-0.44,1.04,-1.05,0.77,2.22,1.75,-1.37,-1.27,-0.82,-1.13
12/5/25,4.97,4.7,-5.09,3.18,1.69,0.81,5.28,6.52,5.6,3.25,8.58,4.49,3.03,-1.06,3.64,0.51,9.68,4.08,10.02,1.69,-6.36,-3.99,1.67,2.32,5.78,7.1,6.92,5.29,4.57,0.04,2.99,6.46,3.89,-1.61,-1.29,0.99,-5.09
13/5/25,6.43,3.68,-8.63,-2.25,2.23,1.52,5.64,11.27,6.78,4.03,14.23,6.28,5.41,-0.12,5.49,3.3,11.79,3.97,3.97,1.09,-1.18,-2.39,1.32,3.72,9.58,9.3,9.4,7.08,5.13,2.46,4.88,9.56,4.65,-2.21,-1.97,-0.5,-6.55
14/5/25,5.11,6.37,-9.84,-2.24,1.23,1.59,3.89,15.35,7.77,2.94,14.01,5.51,5.87,2.23,3.02,9.26,9.96,2.75,10.63,0.94,-2.28,-5.98,-0.09,3.33,6.26,7.24,8.36,7.42,4.69,1.52,5.65,9.36,3.45,-3.22,-1.87,-1.19,-7.13
15/5/25,3.89,3.92,-5.43,4.5,1.61,1.31,6.78,12.05,6.82,1.86,13.03,4.32,4.09,8.58,4.03,6.46,6.33,3.73,5.88,2.45,0.17,-1.53,1.74,3.75,1.43,5.46,5.22,4.31,3.54,2.49,5.13,7.26,3.41,0.46,-0.52,1.41,-2.7
16/5/25,3.43,1.14,-8.36,-2.81,2.73,1.11,5.64,14.38,6.1,2.28,12.89,5.43,4.83,8.1,5.15,8.04,8.35,5.09,5.69,3.96,3.85,1.58,2.86,4.48,3.32,6,3.41,3.33,1.57,2.48,5.05,7.41,3.64,1.7,1.72,2.69,0.54
19/5/25,2.58,-0.73,1.81,-0.74,0.64,-1.35,2.35,7.28,-0.86,-0.6,6.47,2.01,2.4,7.21,5.05,2.97,2.18,0.62,-1.03,1.82,1.19,-0.35,1.9,4.09,2.74,2.03,-0.73,-0.99,-1.05,2.02,3.05,3.55,1.58,2,1.55,2.13,5.16
20/5/25,1.54,-2.12,5.01,2.72,0.93,-1.48,1.23,2.21,-2.5,-1.12,1.5,0.56,1.23,7.5,3.04,0.46,1.51,0.67,-2.9,1.47,5.32,2.36,2.42,3.65,-1.08,0.07,-3.62,-3.27,-2.8,0.47,1.85,0.91,0.82,2.83,2.9,3.8,6.81
21/5/25,2.84,-2.52,9,7.15,0.77,-2.13,1.71,-2.67,-4.6,-2.01,-2.22,-1.43,-1.08,4.95,1.54,-0.55,-2.58,-0.63,-4.01,-0.82,4.88,4.35,0.58,2.32,-1.54,-1.15,-4.25,-5.28,-2.97,-1.26,-0.38,-1.91,-1.32,2..75,1.19,4.06,6.87
22/5/25,0.38,2.35,8.45,6.02,-1.75,-2.29,-1.56,-2.32,-7.07,-3.2,-2.86,-3,-1.31,-0.46,-1.36,-0.25,-2.76,-5.01,-1.82,-2.2,0.78,-0.08,-3.49,-0.78,-0.95,-1.86,-3.83,-4.48,-2.82,-1.19,-0.95,-2.76,-3.76,-0.87,-1.72,1.08,4.15
30/5/25,2.44,1.52,2.16,3.13,1.23,1.09,-1.11,-3.77,-0.03,-0.76,1.16,0.02,1.92,2.14,1.46,1.08,1.22,0.61,-0.94,0.55,-1.32,2.44,1.42,3.72,2.39,0.99,-1.15,0.4,0.05,1.26,1.34,0.41,1.9,1.61,2.28,2.55,2.54
2/6/25,2.73,1.6,5.77,11.97,0.66,5.01,0.59,-2.13,3.39,0.28,4.28,0.63,3.18,3.55,2.42,3.04,0.77,1.5,0.84,0.67,1.17,2.93,1.27,3.99,3.5,0.89,0.6,1.69,1.07,1.62,1.73,0.99,3.13,0.85,3.57,0.81,1.91
3/6/25,0.91,0.46,6.33,10.68,-0.09,3.31,0.24,-0.3,1.49,-0.73,3.73,-0.64,1.52,2.11,0.39,-0.43,-4.22,0.86,-0.38,-0.52,2.06,1.3,0.09,2.22,-0.21,-0.04,1.56,2.61,0.93,1.56,0.44,-0.66,1.38,-0.16,2.86,-1,1.79
4/6/25,1.71,3.57,5.79,12.11,1.83,4.36,1.02,0.75,1.21,0.39,5.16,0.45,2.14,3.2,1.74,1.69,-3.19,1.33,1.65,1.09,2.74,3.17,0.55,2.7,0.39,0.4,0.7,1.33,0.43,0.7,0.77,0.3,1.58,0.41,2.66,-0.9,1.08
5/6/25,2.43,5.31,6.03,25.96,0.54,4.07,1.54,3.22,0.27,0.93,2.51,1.56,2.61,5.22,3.44,1.83,-3.42,0.48,1.6,0.89,0.78,2.24,0.75,2.05,-0.14,0.43,-0.06,0.27,-0.1,1.7,0.4,1.27,1.06,-0.8,0.89,-2.87,2.46
13/6/25,2.35,-1.08,5.37,2.09,-1.75,-0.15,-2.47,-3.42,-3.61,-0.82,0.96,-3.9,2.66,0.63,-0.94,-0.63,-5.65,-3.38,-1.43,-1.37,0.62,2.96,-1,-0.87,-7.13,-1.67,7.62,5.56,7.46,0.74,-1.48,-0.83,-4.3,-0.19,-2.74,-1.61,1.46
16/6/25,3.17,-0.69,3.71,-0.99,-1.73,-0.2,-0.75,-0.76,-1.52,-1.32,2.31,-2.1,2.86,2.98,1.32,0.71,3.51,-3.18,-0.77,-0.69,-0.42,1.49,-0.23,-1.84,-3.96,0.44,6.09,4.14,6.5,1.03,-0.14,1.66,-2.37,-0.27,-2.51,-0.35,1.24
17/6/25,3.88,-2.03,4.88,2.01,-4.23,-1.44,-0.64,-1.39,-3.4,-0.88,0.38,-2.5,2.82,1.97,0.85,-0.98,-3.98,-5.32,-1.43,-1.22,-3.69,-2.84,-1.93,0.46,-8.08,-0.84,5.52,2.58,5.74,0.26,-0.95,1.3,-3.21,-2.29,-2.88,-2.08,2.14
18/6/25,2.93,-0.17,3.12,0.2,-3.62,1.45,1.12,-0.55,-1.06,-1.84,1.03,-2.88,2.88,1.09,0.18,-1.22,-2.92,-3.97,-0.71,-2.63,-2.17,-3.19,-1.77,-0.98,-4.76,-0.67,2.93,0.59,2.86,-1.05,0.48,3.16,-6.68,-1.74,-1.19,-2.27,-0.15
20/6/25,2.11,-2.41,-0.61,-1.92,-4.01,-0.78,0.65,-2.36,0.54,-4.06,-0.9,-2.86,0.08,1.05,1.41,-3.36,-0.77,-3.97,-1.57,-2.1,-3.47,-5.33,-1.56,0.34,-3.7,-1.35,2.61,0.65,2.89,-1.3,0.17,4.29,-6.49,-2.82,-0.04,-2.84,-0.17
24/6/25,0.25,-0.02,-1.4,-1.96,-0.35,-0.41,3.95,2.33,2.14,0.01,1.98,0.34,1.72,3.57,3.24,-1.86,2.5,0.67,-0.92,-0.57,-2.22,-5.07,-0.33,1.11,1.45,1.93,-3.37,-4.93,-1.62,-2.6,2.31,6.15,-0.79,-1,2.87,-0.08,0.39
25/6/25,-2.65,0.32,-3.03,-2.86,0.23,0.9,3.48,1.69,0.69,0.46,3.09,0.97,2.12,3.12,2.95,-2.18,-0.2,1.91,-0.56,-0.44,0.83,-3.17,1.7,0.98,0.87,1.62,-3.71,-4.45,-3.29,-0.58,2.65,4.46,0.37,-0.18,2.95,-1.16,0.52
27/6/25,-1.84,9.47,-3.62,-0.6,2.89,3.9,3.89,7.9,0.34,3.59,8.55,3.52,3.07,3.18,5.67,6.99,1.35,5.28,5.7,1.22,1,0.03,3.14,3.65,5.06,5.07,-5.1,-3.42,-3.99,0.73,3.98,3.43,4.1,0.99,1.15,-0.19,-1.91
30/6/25,-1.13,6.54,-2.28,1.46,1.55,2.53,3.7,8.05,2.05,2.23,8.17,3.74,2.56,2.38,5.51,6.15,-5.45,2.37,4.61,1.1,0.79,0.83,3.32,2.89,3.67,4.02,-2.75,0.63,-2.26,2.08,3.8,4.85,4.26,1.25,-0.54,-0.6,-2.11
1/7/25,1.22,5.29,0.14,4.12,2.77,3.51,2.25,3.39,3.66,1.06,2.17,0.74,-0.04,-0.92,1.69,3.11,-7.31,3.69,2.22,2.88,-1.49,1.54,0.77,1.89,1.57,2.56,-0.76,2.57,1.11,-0.7,2.53,4,2.18,1.93,-0.15,0.99,-3.56
2/7/25,4.47,9.56,1.53,4.56,4.21,7.57,1.83,5.35,5.28,1.6,2.17,1.45,0.45,-0.33,1.43,2.74,-1.41,2.89,2.23,3,1.18,2.13,-0.09,1.77,5.31,4.11,2.1,6.48,3.12,0.87,3.04,4.84,3.45,3.27,0.43,2.2,-1.24
3/7/25,4.26,1.85,0.62,2.23,3.74,5.67,1.98,2.49,5.94,2.11,2.49,2.57,1.41,-0.51,0.31,1.27,-0.99,2.6,1.45,3.08,2.06,1.11,0.6,1.64,4.54,3.55,0.22,3.59,1.98,-1.04,2.82,3.76,4.42,3.6,1.79,2.43,-0.1
7/7/25,3.95,2.27,6.03,8.66,1.9,5.1,1.25,2.46,3.99,1.64,0.03,1.93,1.9,0.36,-1.54,-1.25,4.61,0.05,-0.66,1.13,1.39,1.37,-0.96,0.44,2.51,1.9,-0.47,1.95,0.76,-1.73,1.71,3.98,2.77,2.11,1.61,1.45,1.34
8/7/25,3.62,3.82,-1.87,-0.72,2.56,7.37,-0.61,1.4,2.09,0.61,0.59,0.75,0.75,-1.26,-3.46,-1.66,-3.73,0.51,-0.73,0.86,2.39,1.39,-1.75,-0.75,2.66,1.7,3.2,5.93,4.38,-1.93,0.04,0.63,0.44,0.03,-0.42,-0.12,-0.82
9/7/25,3.3,0.18,-0.37,1.88,0.96,5.09,-0.48,4.71,1.46,-0.66,4.55,1.51,3.31,-0.11,-0.86,1.07,2.67,-0.7,0.04,-0.98,5.94,0.74,-1.07,2.08,1.42,2.1,1.58,2.66,3.06,-0.55,0.07,1.22,0.43,-1.93,-1.06,-1.38,1.1
11/7/25,-1.72,-1.7,-0.51,8.93,-0.7,2.41,-2.48,1.39,-1.28,-4.63,1.48,-3.69,-0.7,-1.88,-3.15,0.04,0.35,-0.75,0.22,0.18,2.55,0.86,-1.06,1.41,5.2,0.44,1.42,3.22,2.5,-0.77,-1.73,-0.45,-2.78,-1.95,-2.86,-1.93,0.91
14/7/25,-2.21,-1.95,-1.52,5.08,0.47,2.35,-1.93,2.43,-0.76,-3.95,2.22,-2.6,0.06,-0.56,-1.25,1.52,-0.3,0.23,0.51,0.52,5.39,1.69,0.09,2.82,7.36,1.42,2.23,2.54,2.58,1.09,-0.11,1.18,-1.37,-1.67,-2.37,-2.52,0.33
15/7/25,-3.09,-4.81,1.97,10.45,-1.95,-1.28,-2.34,1.64,-0.62,-4.66,4.51,-3.32,0.81,1.27,-0.92,1.71,2.9,-2.81,2.93,-0.8,2.54,-1.23,-0.5,3.17,4.7,0.95,-2.88,-3.65,-1.04,-0.01,-0.28,0.83,-2.06,-1.84,-1.6,-2.46,2.28
16/7/25,-4.93,-3.11,0.61,2.66,-2.35,-2.38,-1.6,0.75,-0.66,-3.31,3.31,-2.24,0.07,3.24,-1.25,0.08,-2.37,-3.79,1.02,-1.11,1.19,-0.4,-0.85,2.58,6.14,0.75,-2.66,-3.68,-1.32,0.12,-0.38,1.43,-1.82,-0.37,-2.04,-1.79,3.54
17/7/25,-3.03,-5.59,-1,-1.22,-1.74,-2.99,0.42,2.49,-1.12,-0.87,4.37,0.22,2.56,5.86,1.7,0.4,-1.94,-3.93,1.69,-1.41,1.08,-3.09,-3.42,3.24,-1.16,2.28,-1.84,-3.61,-2.05,-0.25,0.13,1.15,-1.74,2.38,-0.47,-2.03,-0.52
18/7/25,-1.84,-4.23,-2.49,-9.04,-0.7,-2.63,1.44,3.48,-0.08,1.18,3.54,1.95,2.75,7.16,-0.63,0.71,-0.79,-2.76,2.08,-1.3,0.95,-2.17,-1.96,2.7,0.04,2.32,-2.75,-6.1,-4.12,0.75,0.89,3.21,-0.16,1.75,-0.3,-1.23,-0.11
21/7/25,-1.88,-1.46,0.92,-4.32,-0.01,1.24,1.51,2.81,1.7,-0.47,4.1,1.05,2.33,5.31,-0.99,2.04,-0.24,-1.48,2.66,-1.74,-0.48,-3.07,-2.41,0.11,0.02,0.79,-4.6,-4.1,-2.58,-2.62,0.65,0.75,-0.88,1.77,-1.32,-0.51,0.38
22/7/25,0.7,2.51,5.66,-0.83,2.65,4.17,1.98,0.76,2.42,0.78,-1.29,2.21,0.61,4.14,-2.23,2.28,3.8,3.94,1.22,1.29,2.53,1.47,-0.43,-1.1,2.59,1.48,-0.91,-0.18,-1.13,-1.48,2.68,1.61,1.07,3.52,-0.34,2.69,-4.25
23/7/25,2.48,3.24,4.41,2.42,2.36,6.17,2.21,3.21,2.05,-1.01,-0.09,0.95,0.65,1.78,-2.09,2.78,5.9,5.34,2.94,1.23,2.51,2.03,0.97,0.73,2.58,3.79,0.67,5.92,0.84,-0.43,4.41,1.57,1.31,2.53,0.29,2.43,-5.4
1/8/25,-3.93,-8.54,-2.18,-8.91,-4.9,-7.23,-2.12,0.07,-5.22,-5.5,-1.33,-4.55,-0.11,-0.38,-2.95,0.48,-5.41,-0.41,-5.9,-2.7,-2.2,-5.31,2.69,-0.98,-5.04,-2.43,-1.86,-6.14,-0.98,1.36,-4.08,-3.7,-4.17,-1.74,1.08,-3.25,2.35
4/8/25,-2.09,-5.8,5.01,-2.68,-2.37,-6.65,0.39,0.46,-4.7,-4.07,0.15,-3.48,2.4,2.85,-1.1,3.71,-5.16,1.13,-6.87,-0.66,0.32,-2.73,-1.11,0.26,-3.29,-1.22,-3.75,-6.98,-2.29,2.23,-2.06,-1.27,-2.61,0.01,1.84,-2.01,4.72
5/8/25,-2.77,-4.59,7.01,-0.75,-0.69,-3.71,-0.84,-0.28,-3.69,-6.67,-0.91,-4.45,1.89,3.73,-1.87,3.42,-2.88,2.45,-5.53,-2.2,-0.76,-0.34,-2.13,0.37,-1.82,-1.4,-4.15,-5.26,-2.66,-0.28,-2.09,-1.92,-2.21,-1.89,0.93,-2.47,2.99
6/8/25,-3.65,3.48,11.6,3.66,0.48,-3.48,1.49,3.34,2.05,-5.44,-1.84,-1.96,2.17,3.63,-1.91,4.32,-1.14,4.12,-2.22,-1.87,-2.65,-1.9,-2.75,-0.37,0.52,-1.89,-3.53,-4.12,-1.22,-0.4,-1.15,-2.32,-1.25,-1.04,5.18,0.04,3.67
7/8/25,-4.93,2.54,12.62,9.75,1.36,-2.05,2.19,2.79,6.05,-4.68,1.34,-1.69,-1.43,-0.75,-1.06,1.09,0.5,5.46,-3.31,0.86,-3.01,-1.12,0.3,0.17,0.39,-2.81,-3.59,-3.45,-0.93,-1.02,-0.47,-1.06,-2.42,3.15,4.84,1.83,3.28
8/8/25,-3.99,7.04,11.12,10.12,2.65,2.42,5.85,7.72,13.23,-3.22,4.37,-0.38,0.9,2.01,0.94,4.89,6.94,4.44,3.17,0.1,-0.51,-2.68,1.8,0.11,3.56,-0.56,-0.38,0.08,0.19,-1.53,2.5,3.09,0.76,3.1,4.41,0.9,4.54
11/8/25,-3.56,2.87,5.32,6.3,1.09,2.82,2.64,4.86,11.63,-5.37,1.296,-3.02,-1.65,0.84,0.04,1.1,-2.29,1.87,2.96,-1.12,-2.33,-3.62,0.07,-1.21,0.63,-1.74,-1.14,-1.52,-0.12,-2.56,1.45,1.06,-0.87,2.91,3.84,0.89,4.96
13/8/25,0.37,6.19,0.75,5.15,4.04,5.97,3.22,2.57,2.01,-0.45,3.04,-3.13,-1.23,0.97,2.61,2.33,5.53,5.89,1.96,0.85,6.58,1.09,2.16,-0.42,7.5,2.1,0.31,0.42,0.69,-0.34,2.49,2.19,1.84,3.78,-1.07,1.76,0.77
15/8/25,2.24,-0.95,-0.12,1.63,2.96,2.42,-4.31,-0.14,1.21,1.17,0.01,-0.93,-0.34,-1.01,3.35,1.89,1.09,3.4,3.53,2.64,5.76,5.51,0.65,-0.67,8.54,-0.47,0.48,-0.32,0.3,-0.12,1.74,0.42,2.18,0.76,-2.66,0.15,-0.73
16/8/25,1,1.05,0.22,0.96,2.72,3.08,-2.53,0.85,1.76,2.71,0.81,1.72,-0.63,-2.32,3.46,1.23,0.52,2.58,4.55,1.51,5.78,5.02,0.93,-0.05,9.99,0.09,0.07,1.73,0.73,-0.61,1.9,0.25,2.53,-0.01,-2.22,0.27,-1.29
17/8/25,2.33,-2.16,-3,-5.68,2.12,1.32,-5.21,-4.55,0.56,3.29,-3.96,0.73,-4.54,-4.5,0.83,-2.16,3.7,3.28,1.97,0.97,2.77,5.34,1.01,-2.32,2.62,-2.04,-1.43,-0.05,-0.4,-0.46,-2.96,-3.34,1.15,0.83,-1.8,1.13,0.04
27/8/25,2.52,4.2,5.33,6.57,1.03,2.5,4.41,3.62,1.85,1.39,3.63,0.82,0.74,2.71,1.21,2.14,4.99,1.34,2.08,-0.54,1.59,0.25,-0.25,2.42,3.21,2.44,4.26,5.44,3.12,0.7,2.26,2.21,2.13,-3.46,-5.4,-1.51,-3.9
29/8/25,0.47,0.33,4.38,3.89,-1.14,-1.03,2.42,2.07,1.65,0.44,-1.27,0.8,-0.25,3.32,-0.15,0.95,-1.88,-1.73,0.41,-0.57,-1.77,-0.63,-0.79,1.36,0.14,-0.65,2.34,1.71,1.28,1.24,1.18,0.01,0.86,-2.26,-0.68,-1.12,-2.21
2/9/25,-0.3,1.43,6.56,8.51,-1.08,-2.96,1.13,1.6,0.88,0.31,-3.07,0.41,-0.13,1.48,-0.32,-0.19,3.16,-0.55,-0.48,0.6,0.96,1.43,0.04,1.28,0.27,-1.6,2.55,1.16,1.46,1.11,1.12,-0.54,0.7,-0.02,0.81,1.07,-1.05
3/9/25,-2.69,3.65,5.16,5.89,-1.79,-1.99,0.06,2.24,3.66,0.29,-3.94,1.3,-0.1,1.75,-0.18,5.29,2.14,0.18,-0.26,0,-0.11,0.54,-0.27,-1.43,-0.32,-3.35,-0.49,-0.08,-0.18,0.63,-0.21,-1.86,-0.1,0.56,2.06,1.57,-1.98
4/9/25,-2.96,4.85,4.44,0.87,-1.65,-1.01,1.44,4.64,3.84,-1.5,-3.2,-0.46,-0.59,1.47,1.55,6.71,3.5,1.2,2.92,-0.15,0.65,0.2,0.67,-0.42,-0.88,-1.44,-0.55,1.55,-1.02,0.37,0.99,0.03,0.71,-0.41,2.76,1.51,-1.45
5/9/25,-3.46,5.56,7.64,2.99,-1.04,0.96,-0.46,1.94,2.85,-1.15,-2.63,-1.01,-2.59,-0.55,0.66,6.31,2.58,3.37,1.54,-1.02,3.36,0.71,1.21,-1.01,-1.52,-2.07,-4.02,-1.06,-3.31,-0.95,-0.94,-2.84,-1.44,-0.43,2.99,2.09,-1.33
8/9/25,-1.81,6.49,6.24,1.79,-0.06,0.2,0.19,3.78,2.55,-0.01,1.97,0.35,-0.32,3.62,2.46,6.45,2.5,3.96,3.03,-1.98,0.82,0.06,0.77,-0.35,-1.57,0.09,-4.97,-1.62,-3.47,-1.86,-0.61,-0.5,-2.07,-2.71,3.94,0.73,-2.12
10/9/25,0.44,-0.25,5.02,-2.45,-0.57,1.2,3.07,7.79,-4.41,0.52,8.32,-0.79,4.77,3.1,0.99,3.03,-0.03,1.7,2.5,-3.51,-1.43,-0.38,-1.16,1.13,-2.53,3.58,0.12,2.95,0.95,0.26,1.64,2.93,-2.24,-2.31,0.66,-1.37,1.08
11/9/25,0.9,2.51,7.45,9.72,1.39,1.89,2.04,6.63,-3.66,2.1,6.74,1.07,3.77,5.57,-0.92,2.25,0.05,2.98,0.43,-2.53,0.1,1.28,-0.48,0.79,0.07,2.6,-1.17,0.07,0.38,0.79,1.43,3.81,-1.45,-1.09,1.22,-0.99,2.95
12/9/25,1.87,0.51,4.29,11.01,0.08,-1.4,0.89,2.6,-1.97,0.69,6.16,-0.8,5.27,6.85,-0.59,1.68,8.05,0.85,0.3,-2.76,-3.66,0.1,-1.37,0.5,-1.44,1.92,0.22,0.18,1.78,1.29,3.02,5.9,-0.76,-1.14,1.69,-1.47,1.74
17/9/25,-1.32,2.77,0.1,6.79,0.2,1.16,0.38,3.29,5.21,2.47,-2.53,1.08,0.36,4.53,1.16,3.96,0.49,0.84,2.46,-0.22,0.46,0.05,-0.53,0.65,-1.75,-0.84,0.47,-1.88,0.73,0.88,2.42,2.64,2.89,-0.27,2.51,0.74,-0.03
18/9/25,-2.04,0.25,-1.01,-2.79,-2.24,-1.56,1.04,4.05,3.4,1.83,0.43,0.64,1.59,1.75,0.35,4.63,-0.32,-1.53,1.4,-2.16,0.46,-0.86,-1.58,1.47,-2.86,-0.46,-0.03,-1.1,0.62,0.65,1.75,2.27,0.38,-1.86,0.13,-1.56,-3.76
19/9/25,-2.74,2.33,4.53,2.32,-1.53,-0.11,2.43,9.33,4.68,2.43,-0.19,3.05,3.19,0.59,1.49,4.79,5.78,-1.93,1.95,-1.12,1.1,0.3,-1.32,2.1,-1.65,0.83,-1.08,-0.65,-0.22,-0.28,2.46,3.23,1.72,-1.14,-1.35,-1.59,-2.42
22/9/25,-0.62,0.48,5.65,14,-1.06,-0.74,1.23,5.39,7.86,3.95,1.48,3.02,2.28,-0.14,0.68,0.47,-1.06,-3.12,-0.49,-0.14,3.2,0.87,0.27,1.57,-0.91,0.85,-0.4,0.36,-0.6,-0.22,1.72,3.14,1.36,-0.45,-1.26,-2.8,-1.27
23/9/25,-0.62,1.02,7.77,16.13,-0.76,-1.93,2.06,5.92,6.66,2.97,1.51,2.01,1.41,-1.32,0.86,-1.01,0.95,-2.98,-3.95,-0.66,1.8,0.18,-0.28,2.22,0.21,0.86,-1.41,1.48,-0.65,0.94,1.72,2.86,-0.32,0.16,-0.97,-2.97,-0.9
24/9/25,1.24,0.26,5.24,13.29,-2.09,-1.23,-0.15,3.16,5.33,1.02,3.05,0.98,1.09,-3.51,-1.25,-1.48,1.88,-2.43,-2.9,-0.75,1.91,-0.97,-0.83,1.76,-2.35,0.83,0.88,3.29,0.61,1.49,0.73,0.93,-2.22,-0.95,-1.61,-4.29,-2.81
25/9/25,-1.31,-2.64,5.97,18.17,-3.01,-0.41,-1.41,-0.51,7.55,1.94,0.28,-2.12,-0.76,-2,-0.18,-3.14,-2.34,-3.1,-3.4,-0.07,-2.09,-3.37,-2.04,0.17,-4.45,-1.92,2.18,3.01,1.7,1.09,-0.06,-0.87,-2.03,-0.89,-0.88,-3.81,-0.05
26/9/25,-0.16,-4.13,3.01,14.73,-2.13,1.2,-1.52,-3.13,3.93,4.79,0.6,-1.98,-2.56,1.2,-0.79,-3.69,2.34,-1.9,-3.12,0.58,0.2,-2.35,-1.4,1.05,-3.65,-1.61,5.51,5.42,3.7,2.42,0.19,-1.01,-1.99,-0.97,-0.72,-2.77,0.12
29/9/25,-0.29,-1.56,1.29,2.34,-1.42,0.33,-0.94,-1.32,-0.71,4.05,-0.86,-1.72,-2.54,4.03,-0.49,-3.08,0.25,-1.73,-0.45,0.32,-0.38,-1.64,-1.85,0.53,-1.99,-2.28,3.06,4.73,1.22,1.81,0.21,1.32,-1.62,0.39,-0.64,-0.41,0.48
30/9/25,0.27,1.01,1.76,3.91,-0.45,0.44,-0.23,0.43,-0.07,6.47,1.76,-1.67,-0.72,4.27,-0.34,-3.14,-0.39,-2.02,0.64,-0.21,0.73,2.19,-0.62,1.33,-3.13,-0.19,0.51,0.04,-1.43,0.77,0.11,0.8,-1.09,-0.02,-0.22,-0.3,-0.13
1/10/25,-7.39,3.39,5.59,7.72,-0.88,2.24,2.33,6.41,1.22,4.21,2.88,-1.81,0.49,4.2,-1.67,-2.69,1.65,-3.32,0.22,-0.39,1.81,8.65,-0.77,2.32,-3.11,0.32,-0.25,0.72,-2.57,-0.95,-0.84,0.09,-0.28,0.91,-1.57,-0.65,-0.3
15/10/25,-3.02,-0.87,3.37,6.11,-2.4,-1.77,0.88,-2.89,-3.36,-9.2,-2.28,-3.13,-1.53,1.81,-0.57,1.36,-1.64,1.29,-5.03,2.92,0.26,-1.56,-1.84,-3.53,3.81,-0.53,-5.15,-5.15,-2.13,-2.86,0.62,-0.31,-1.36,3.6,5.36,-0.55,0.24
16/10/25,-5.06,0.06,12.13,15.52,-1.47,-2.23,-0.15,-3.19,-2.69,-12.1,-2.25,-3.28,-1.81,1.24,-2.56,1.16,0.89,2.83,-5.65,3.25,0.65,-1.9,-1.32,-2.41,1.11,-0.91,-5.33,-3.59,-1.9,-2.53,-0.28,-3.05,-3.2,3.12,2.48,-0.03,-0.89